feature,coefficient,abs_coefficient
numeric__AMT_GOODS_PRICE,-1.027967202390522,1.027967202390522
numeric__AMT_CREDIT,0.9323326317921314,0.9323326317921314
categorical__ORGANIZATION_TYPE_Transport: type 3,0.7608924730017982,0.7608924730017982
categorical__ORGANIZATION_TYPE_Military,-0.6396268492939216,0.6396268492939216
categorical__ORGANIZATION_TYPE_Realtor,0.5021224531332962,0.5021224531332962
numeric__DAYS_EMPLOYED,0.47559500986971964,0.47559500986971964
numeric__EXT_SOURCE_3,-0.4675071959999188,0.4675071959999188
categorical__ORGANIZATION_TYPE_Police,-0.45229718983377365,0.45229718983377365
categorical__ORGANIZATION_TYPE_Security Ministries,-0.42775307755027503,0.42775307755027503
categorical__CODE_GENDER_F,-0.42627150268923714,0.42627150268923714
categorical__FLAG_OWN_CAR_Y,-0.40813511525065116,0.40813511525065116
categorical__NAME_INCOME_TYPE_Pensioner,-0.40373300650278243,0.40373300650278243
numeric__EXT_SOURCE_2,-0.3859415269909364,0.3859415269909364
categorical__NAME_HOUSING_TYPE_Office apartment,-0.35491279846891616,0.35491279846891616
categorical__ORGANIZATION_TYPE_Construction,0.3333925789051175,0.3333925789051175
categorical__ORGANIZATION_TYPE_Trade: type 2,-0.31734594496027413,0.31734594496027413
categorical__ORGANIZATION_TYPE_Legal Services,0.31384824525086374,0.31384824525086374
numeric__FLAG_EMP_PHONE,0.28523156890815743,0.28523156890815743
categorical__FLAG_OWN_REALTY_N,-0.28389258277913365,0.28389258277913365
categorical__ORGANIZATION_TYPE_Trade: type 6,-0.2820191531813878,0.2820191531813878
categorical__ORGANIZATION_TYPE_Industry: type 9,-0.2797964407123585,0.2797964407123585
categorical__NAME_CONTRACT_TYPE_Revolving loans,-0.2751445543903445,0.2751445543903445
categorical__HOUSETYPE_MODE_terraced house,-0.27455858820861495,0.27455858820861495
categorical__NAME_EDUCATION_TYPE_Academic degree,-0.26924902984414195,0.26924902984414195
categorical__EMERGENCYSTATE_MODE_Yes,-0.2690220888761756,0.2690220888761756
categorical__EMERGENCYSTATE_MODE_No,-0.26236109080019393,0.26236109080019393
categorical__NAME_EDUCATION_TYPE_Higher education,-0.2584022834603329,0.2584022834603329
categorical__NAME_CONTRACT_TYPE_Cash loans,-0.2562386252861629,0.2562386252861629
categorical__FLAG_OWN_REALTY_Y,-0.2474905968973783,0.2474905968973783
categorical__OCCUPATION_TYPE_Accountants,-0.2473686192649161,0.2473686192649161
categorical__OCCUPATION_TYPE_Private service staff,-0.2381954974653137,0.2381954974653137
categorical__OCCUPATION_TYPE_Low-skill Laborers,0.23415124764162007,0.23415124764162007
categorical__ORGANIZATION_TYPE_Industry: type 5,-0.23406309025667163,0.23406309025667163
categorical__NAME_FAMILY_STATUS_Married,-0.23342665450980432,0.23342665450980432
categorical__WALLSMATERIAL_MODE_Monolithic,-0.22968148378914915,0.22968148378914915
categorical__ORGANIZATION_TYPE_Industry: type 12,-0.22859811704857103,0.22859811704857103
categorical__ORGANIZATION_TYPE_XNA,-0.22755956718403536,0.22755956718403536
categorical__ORGANIZATION_TYPE_Self-employed,0.22202915867772682,0.22202915867772682
numeric__BASEMENTAREA_MEDI,0.21841213525207243,0.21841213525207243
categorical__ORGANIZATION_TYPE_Industry: type 1,0.21389668017008504,0.21389668017008504
categorical__ORGANIZATION_TYPE_Restaurant,0.20686260299541578,0.20686260299541578
categorical__ORGANIZATION_TYPE_Hotel,-0.2067575878836079,0.2067575878836079
numeric__BASEMENTAREA_AVG,-0.2065702572210587,0.2065702572210587
categorical__FONDKAPREMONT_MODE_reg oper spec account,-0.20000472498829283,0.20000472498829283
categorical__ORGANIZATION_TYPE_Trade: type 3,0.19169029526552728,0.19169029526552728
categorical__ORGANIZATION_TYPE_Industry: type 3,0.19015545319751145,0.19015545319751145
categorical__ORGANIZATION_TYPE_Bank,-0.189350977624368,0.189350977624368
categorical__NAME_TYPE_SUITE_Other_A,-0.17868116512896182,0.17868116512896182
categorical__ORGANIZATION_TYPE_Cleaning,0.17697206487194428,0.17697206487194428
categorical__OCCUPATION_TYPE_High skill tech staff,-0.17327174271251727,0.17327174271251727
categorical__ORGANIZATION_TYPE_Advertising,0.17290997716101078,0.17290997716101078
numeric__ELEVATORS_MODE,0.16720536347066753,0.16720536347066753
categorical__ORGANIZATION_TYPE_Trade: type 7,0.16391196241257766,0.16391196241257766
categorical__ORGANIZATION_TYPE_School,-0.1605714571221822,0.1605714571221822
categorical__HOUSETYPE_MODE_block of flats,-0.15978347989160357,0.15978347989160357
numeric__YEARS_BUILD_AVG,0.15945309725682186,0.15945309725682186
numeric__YEARS_BUILD_MEDI,-0.158338562842963,0.158338562842963
numeric__EXT_SOURCE_1,-0.15813740194104475,0.15813740194104475
categorical__ORGANIZATION_TYPE_Emergency,-0.15718290951823014,0.15718290951823014
categorical__NAME_INCOME_TYPE_Unemployed,0.15586816609924514,0.15586816609924514
categorical__FONDKAPREMONT_MODE_org spec account,-0.1536126751051183,0.1536126751051183
numeric__FLAG_DOCUMENT_3,0.1514732540445385,0.1514732540445385
categorical__NAME_EDUCATION_TYPE_Incomplete higher,-0.1506954203975865,0.1506954203975865
numeric__COMMONAREA_MEDI,-0.14480427170841711,0.14480427170841711
categorical__ORGANIZATION_TYPE_Transport: type 1,-0.14428592421805064,0.14428592421805064
numeric__REGION_RATING_CLIENT_W_CITY,0.14200939867644136,0.14200939867644136
categorical__NAME_FAMILY_STATUS_Widow,-0.14195771787624373,0.14195771787624373
categorical__ORGANIZATION_TYPE_Agriculture,0.13884248503443758,0.13884248503443758
numeric__OBS_30_CNT_SOCIAL_CIRCLE,0.138150323059896,0.138150323059896
numeric__OBS_60_CNT_SOCIAL_CIRCLE,-0.1373228604456567,0.1373228604456567
numeric__AMT_ANNUITY,0.13617433776221755,0.13617433776221755
numeric__ELEVATORS_AVG,-0.13348794550377982,0.13348794550377982
numeric__LIVINGAPARTMENTS_MEDI,0.13330442899000303,0.13330442899000303
categorical__ORGANIZATION_TYPE_University,-0.13108947929271283,0.13108947929271283
categorical__NAME_EDUCATION_TYPE_Lower secondary,0.1306423386857229,0.1306423386857229
categorical__OCCUPATION_TYPE_Core staff,-0.12928357990867664,0.12928357990867664
categorical__ORGANIZATION_TYPE_Telecom,0.12911922335728226,0.12911922335728226
categorical__ORGANIZATION_TYPE_Business Entity Type 3,0.12698799149767792,0.12698799149767792
categorical__FLAG_OWN_CAR_N,-0.12324806442584746,0.12324806442584746
categorical__WEEKDAY_APPR_PROCESS_START_MONDAY,-0.12141066508699906,0.12141066508699906
categorical__WALLSMATERIAL_MODE_Block,-0.12009092043483835,0.12009092043483835
categorical__ORGANIZATION_TYPE_Transport: type 2,-0.11592726827449425,0.11592726827449425
categorical__NAME_INCOME_TYPE_State servant,-0.1156382646983493,0.1156382646983493
categorical__WEEKDAY_APPR_PROCESS_START_SATURDAY,-0.11267484977577402,0.11267484977577402
categorical__OCCUPATION_TYPE_IT staff,-0.1108637076484243,0.1108637076484243
"categorical__NAME_TYPE_SUITE_Spouse, partner",-0.10722836808370466,0.10722836808370466
numeric__APARTMENTS_AVG,0.1057051902115515,0.1057051902115515
categorical__ORGANIZATION_TYPE_Industry: type 2,-0.10553990347213231,0.10553990347213231
numeric__NONLIVINGAPARTMENTS_MODE,0.10547967655001259,0.10547967655001259
categorical__ORGANIZATION_TYPE_Trade: type 1,0.105109820320246,0.105109820320246
numeric__LIVINGAREA_AVG,0.10089238166807107,0.10089238166807107
categorical__WEEKDAY_APPR_PROCESS_START_SUNDAY,-0.10057283305341001,0.10057283305341001
categorical__CODE_GENDER_M,-0.09886166840735636,0.09886166840735636
categorical__ORGANIZATION_TYPE_Postal,0.09861728410915664,0.09861728410915664
categorical__NAME_INCOME_TYPE_Commercial associate,-0.09734172517711308,0.09734172517711308
categorical__NAME_TYPE_SUITE_Family,-0.09726151703947443,0.09726151703947443
categorical__HOUSETYPE_MODE_specific housing,-0.09704111157615189,0.09704111157615189
categorical__ORGANIZATION_TYPE_Industry: type 7,-0.09703133096130932,0.09703133096130932
categorical__OCCUPATION_TYPE_Managers,-0.09381312380478862,0.09381312380478862
categorical__ORGANIZATION_TYPE_Trade: type 4,-0.09044356136508837,0.09044356136508837
numeric__COMMONAREA_AVG,0.09033881158513413,0.09033881158513413
categorical__FONDKAPREMONT_MODE_not specified,-0.09031432720917403,0.09031432720917403
categorical__NAME_HOUSING_TYPE_House / apartment,-0.08849761489690579,0.08849761489690579
numeric__LIVINGAPARTMENTS_AVG,-0.08803810943467634,0.08803810943467634
categorical__FONDKAPREMONT_MODE_reg oper account,-0.08745145237389691,0.08745145237389691
numeric__NONLIVINGAREA_MODE,-0.086422911968739,0.086422911968739
numeric__FLAG_DOCUMENT_6,0.08144087791304216,0.08144087791304216
numeric__NONLIVINGAPARTMENTS_MEDI,-0.08107187916902647,0.08107187916902647
categorical__OCCUPATION_TYPE_Medicine staff,-0.07978687040310858,0.07978687040310858
numeric__APARTMENTS_MEDI,-0.0788677345108666,0.0788677345108666
categorical__WALLSMATERIAL_MODE_Panel,-0.07791673721248278,0.07791673721248278
categorical__WEEKDAY_APPR_PROCESS_START_THURSDAY,-0.07734293955426495,0.07734293955426495
categorical__ORGANIZATION_TYPE_Security,0.07318752739500532,0.07318752739500532
categorical__OCCUPATION_TYPE_Security staff,0.07314219790158262,0.07314219790158262
categorical__OCCUPATION_TYPE_Drivers,0.07195298900064534,0.07195298900064534
numeric__FLAG_WORK_PHONE,0.07017493083214767,0.07017493083214767
numeric__REGION_RATING_CLIENT,-0.0699916634517826,0.0699916634517826
categorical__NAME_FAMILY_STATUS_Civil marriage,-0.06982931950573075,0.06982931950573075
categorical__NAME_TYPE_SUITE_Group of people,-0.06921285864759466,0.06921285864759466
numeric__LANDAREA_AVG,0.06911497300378479,0.06911497300378479
numeric__LANDAREA_MEDI,-0.06907559868328268,0.06907559868328268
categorical__OCCUPATION_TYPE_HR staff,0.06800169828473868,0.06800169828473868
numeric__ELEVATORS_MEDI,-0.06776566082567928,0.06776566082567928
numeric__ENTRANCES_AVG,-0.06760455241032477,0.06760455241032477
numeric__CNT_FAM_MEMBERS,0.06539194068323632,0.06539194068323632
categorical__NAME_HOUSING_TYPE_With parents,-0.06434164652127804,0.06434164652127804
numeric__LIVINGAREA_MEDI,-0.06407732716819882,0.06407732716819882
numeric__FLAG_DOCUMENT_4,-0.06348662727469613,0.06348662727469613
numeric__REG_CITY_NOT_LIVE_CITY,0.06203824735509978,0.06203824735509978
numeric__ENTRANCES_MEDI,0.0620182990981761,0.0620182990981761
numeric__DAYS_ID_PUBLISH,0.06158621221086705,0.06158621221086705
categorical__ORGANIZATION_TYPE_Trade: type 5,-0.06135599660436469,0.06135599660436469
categorical__ORGANIZATION_TYPE_Industry: type 4,-0.0610843106354597,0.0610843106354597
numeric__DAYS_LAST_PHONE_CHANGE,0.05994186271519118,0.05994186271519118
categorical__WALLSMATERIAL_MODE_Wooden,-0.05942047144838562,0.05942047144838562
categorical__NAME_TYPE_SUITE_Unaccompanied,-0.05655863202642802,0.05655863202642802
numeric__COMMONAREA_MODE,0.05291848662404635,0.05291848662404635
categorical__ORGANIZATION_TYPE_Transport: type 4,0.05267705601306107,0.05267705601306107
categorical__OCCUPATION_TYPE_Secretaries,0.051494617507785334,0.051494617507785334
numeric__FLAG_DOCUMENT_16,-0.049279151303429636,0.049279151303429636
categorical__ORGANIZATION_TYPE_Government,-0.04821078088549259,0.04821078088549259
numeric__AMT_REQ_CREDIT_BUREAU_QRT,-0.04766630713107935,0.04766630713107935
categorical__ORGANIZATION_TYPE_Medicine,-0.04766606164077807,0.04766606164077807
numeric__FLAG_DOCUMENT_13,-0.04709292665500203,0.04709292665500203
numeric__NONLIVINGAREA_AVG,0.04705728795214382,0.04705728795214382
categorical__NAME_HOUSING_TYPE_Co-op apartment,-0.046864940531010583,0.046864940531010583
categorical__OCCUPATION_TYPE_Cleaning staff,0.04664650539271762,0.04664650539271762
categorical__ORGANIZATION_TYPE_Business Entity Type 2,0.04641227648878484,0.04641227648878484
"categorical__WALLSMATERIAL_MODE_Stone, brick",-0.04617119136380189,0.04617119136380189
numeric__DEF_30_CNT_SOCIAL_CIRCLE,0.04506411591829055,0.04506411591829055
numeric__FLAG_DOCUMENT_18,-0.04468787198855498,0.04468787198855498
numeric__DAYS_REGISTRATION,0.0432937023764221,0.0432937023764221
categorical__WEEKDAY_APPR_PROCESS_START_FRIDAY,-0.043138576159021384,0.043138576159021384
categorical__WEEKDAY_APPR_PROCESS_START_WEDNESDAY,-0.04212544623741222,0.04212544623741222
categorical__ORGANIZATION_TYPE_Housing,0.04207139098605942,0.04207139098605942
numeric__ENTRANCES_MODE,-0.04148336184966066,0.04148336184966066
categorical__NAME_FAMILY_STATUS_Single / not married,-0.04073893994297256,0.04073893994297256
categorical__NAME_FAMILY_STATUS_Separated,-0.040525937114428666,0.040525937114428666
categorical__NAME_INCOME_TYPE_Student,-0.04047868856339928,0.04047868856339928
numeric__FLOORSMAX_AVG,-0.04036106663908713,0.04036106663908713
numeric__LIVE_REGION_NOT_WORK_REGION,-0.03996941224669717,0.03996941224669717
categorical__ORGANIZATION_TYPE_Industry: type 8,0.038833407275437284,0.038833407275437284
categorical__WALLSMATERIAL_MODE_Others,0.03850523081847786,0.03850523081847786
numeric__LIVE_CITY_NOT_WORK_CITY,0.03837335457763526,0.03837335457763526
categorical__NAME_TYPE_SUITE_Children,-0.03812173953074044,0.03812173953074044
categorical__ORGANIZATION_TYPE_Industry: type 10,-0.03785135500219684,0.03785135500219684
numeric__OWN_CAR_AGE,0.03701446658462176,0.03701446658462176
numeric__FLAG_DOCUMENT_5,0.03695832867345129,0.03695832867345129
categorical__WALLSMATERIAL_MODE_Mixed,-0.036607606246348595,0.036607606246348595
categorical__ORGANIZATION_TYPE_Electricity,-0.03586853532884942,0.03586853532884942
numeric__FLAG_DOCUMENT_8,0.03536450941000687,0.03536450941000687
categorical__OCCUPATION_TYPE_Waiters/barmen staff,0.03472584782416313,0.03472584782416313
numeric__REG_REGION_NOT_LIVE_REGION,-0.034280915351236535,0.034280915351236535
categorical__WEEKDAY_APPR_PROCESS_START_TUESDAY,-0.03411786980958589,0.03411786980958589
categorical__NAME_HOUSING_TYPE_Municipal apartment,0.03398014669837452,0.03398014669837452
numeric__FLAG_PHONE,-0.03383341413531906,0.03383341413531906
categorical__ORGANIZATION_TYPE_Kindergarten,-0.03348686640248649,0.03348686640248649
categorical__ORGANIZATION_TYPE_Industry: type 6,-0.03335774829901605,0.03335774829901605
numeric__LIVINGAPARTMENTS_MODE,-0.03298575737719111,0.03298575737719111
categorical__OCCUPATION_TYPE_Laborers,-0.032687662834731235,0.032687662834731235
numeric__CNT_CHILDREN,-0.03243816118404059,0.03243816118404059
numeric__REG_REGION_NOT_WORK_REGION,0.032437825580486565,0.032437825580486565
numeric__REG_CITY_NOT_WORK_CITY,-0.03192710447719858,0.03192710447719858
numeric__FLAG_DOCUMENT_15,-0.03103973494076063,0.03103973494076063
categorical__OCCUPATION_TYPE_Sales staff,-0.030525162264847312,0.030525162264847312
numeric__FLAG_DOCUMENT_14,-0.029946025915844044,0.029946025915844044
numeric__FLOORSMIN_MODE,-0.029715321557194283,0.029715321557194283
numeric__NONLIVINGAREA_MEDI,0.02956237119174371,0.02956237119174371
numeric__DEF_60_CNT_SOCIAL_CIRCLE,0.02815334854772392,0.02815334854772392
categorical__ORGANIZATION_TYPE_Industry: type 11,0.027667787104049046,0.027667787104049046
numeric__AMT_REQ_CREDIT_BUREAU_MON,-0.027623476355071508,0.027623476355071508
numeric__FLAG_DOCUMENT_10,-0.027524498191730206,0.027524498191730206
categorical__OCCUPATION_TYPE_Cooking staff,0.02722218826478565,0.02722218826478565
numeric__TOTALAREA_MODE,0.025645474867997002,0.025645474867997002
numeric__YEARS_BEGINEXPLUATATION_MEDI,-0.025084018600629962,0.025084018600629962
numeric__FLAG_DOCUMENT_17,-0.024168881818784908,0.024168881818784908
categorical__ORGANIZATION_TYPE_Business Entity Type 1,-0.024143554356159037,0.024143554356159037
categorical__ORGANIZATION_TYPE_Industry: type 13,0.02358136781700737,0.02358136781700737
numeric__DAYS_BIRTH,0.023324690821143294,0.023324690821143294
numeric__FLOORSMIN_AVG,0.021832853162502556,0.021832853162502556
categorical__ORGANIZATION_TYPE_Religion,-0.021780696929400132,0.021780696929400132
numeric__APARTMENTS_MODE,-0.02068959588581357,0.02068959588581357
numeric__REGION_POPULATION_RELATIVE,0.019809992041494973,0.019809992041494973
categorical__NAME_INCOME_TYPE_Working,-0.018216957239154546,0.018216957239154546
numeric__LIVINGAREA_MODE,-0.017733125531901713,0.017733125531901713
numeric__FLAG_DOCUMENT_2,0.016886909098381808,0.016886909098381808
categorical__NAME_EDUCATION_TYPE_Secondary / secondary special,0.01632121533983733,0.01632121533983733
numeric__FLAG_CONT_MOBILE,-0.01594658716338982,0.01594658716338982
categorical__NAME_TYPE_SUITE_Other_B,0.015681100780355953,0.015681100780355953
numeric__YEARS_BUILD_MODE,-0.015375933350551409,0.015375933350551409
numeric__FLOORSMAX_MEDI,-0.015324868259836333,0.015324868259836333
numeric__FLAG_EMAIL,-0.015198638367931424,0.015198638367931424
numeric__AMT_REQ_CREDIT_BUREAU_WEEK,-0.014183578812900449,0.014183578812900449
numeric__HOUR_APPR_PROCESS_START,-0.014133152866156122,0.014133152866156122
numeric__FLAG_MOBIL,0.013714575403132232,0.013714575403132232
numeric__LANDAREA_MODE,0.013334254245481758,0.013334254245481758
numeric__NONLIVINGAPARTMENTS_AVG,-0.013100109841076171,0.013100109841076171
numeric__FLAG_DOCUMENT_12,-0.012684137315467477,0.012684137315467477
categorical__ORGANIZATION_TYPE_Insurance,0.0126295329712049,0.0126295329712049
numeric__BASEMENTAREA_MODE,-0.01167601472235714,0.01167601472235714
numeric__FLAG_DOCUMENT_20,0.011583571400106756,0.011583571400106756
numeric__AMT_REQ_CREDIT_BUREAU_DAY,0.010840404400489312,0.010840404400489312
categorical__NAME_HOUSING_TYPE_Rented apartment,-0.010746325956787844,0.010746325956787844
numeric__FLOORSMIN_MEDI,0.010512980983304344,0.010512980983304344
categorical__NAME_INCOME_TYPE_Businessman,-0.009623269443220155,0.009623269443220155
numeric__FLAG_DOCUMENT_9,0.008121019678261948,0.008121019678261948
categorical__ORGANIZATION_TYPE_Culture,0.00793896554719888,0.00793896554719888
numeric__FLAG_DOCUMENT_11,-0.007391934517139515,0.007391934517139515
categorical__ORGANIZATION_TYPE_Services,-0.007314838153353126,0.007314838153353126
numeric__YEARS_BEGINEXPLUATATION_MODE,0.0063013423594893555,0.0063013423594893555
categorical__CODE_GENDER_XNA,-0.0062500085798963805,0.0062500085798963805
numeric__FLAG_DOCUMENT_21,0.005577310303486221,0.005577310303486221
numeric__FLAG_DOCUMENT_19,-0.005335868719600555,0.005335868719600555
categorical__NAME_FAMILY_STATUS_Unknown,-0.004904610727302237,0.004904610727302237
numeric__YEARS_BEGINEXPLUATATION_AVG,0.004572033211673855,0.004572033211673855
numeric__AMT_INCOME_TOTAL,0.004539624444930112,0.004539624444930112
numeric__AMT_REQ_CREDIT_BUREAU_HOUR,-0.004135927975053388,0.004135927975053388
numeric__FLAG_DOCUMENT_7,0.003995938284330168,0.003995938284330168
numeric__FLOORSMAX_MODE,0.0029949135971311515,0.0029949135971311515
categorical__OCCUPATION_TYPE_Realty agents,-0.002924505187171359,0.002924505187171359
categorical__ORGANIZATION_TYPE_Mobile,-0.002575227906679322,0.002575227906679322
categorical__NAME_INCOME_TYPE_Maternity leave,-0.002219434151647746,0.002219434151647746
numeric__AMT_REQ_CREDIT_BUREAU_YEAR,-0.002069970137139774,0.002069970137139774
categorical__ORGANIZATION_TYPE_Other,-0.0018074387382827648,0.0018074387382827648
